name,role,pix_med,pix_ib,pix_inter,pix_union,pix_only_med,pix_only_ib,jaccard,ha_med,ha_ib,ha_med_nominal,ha_ib_nominal
Almonaster_la_Real,C,815,756,705,866,110,51,0.8140877598152425,57.92,53.72,73.35,68.04
Navalacruz,C,7032,6512,6420,7124,612,92,0.9011791128579449,480.6,445.08,632.88,586.08
Ribeira_da_Gafa,C,13,5,5,13,8,0,0.38461538461538464,0.93,0.36,1.17,0.45
Sierra_Bermeja,V,1076,562,553,1085,523,9,0.5096774193548387,77.62,40.58,96.84,50.58
Losacio,V,4036,3465,2995,4506,1041,470,0.6646693297825123,270.32,232.08,363.24,311.85
Ateca,C,1628,1623,1572,1679,56,51,0.9362715902322811,109.84,109.51,146.52,146.07
Balteiro,C,426,429,417,438,9,12,0.952054794520548,28.17,28.37,38.34,38.61
Vall_dEbo,V,944,946,860,1030,84,86,0.8349514563106796,66.11,66.26,84.96,85.14
Bejis,C,468,470,453,485,15,17,0.934020618556701,32.3,32.43,42.12,42.3
Lecrin,C,339,345,338,346,1,7,0.976878612716763,24.35,24.78,30.51,31.05
Santa_Coloma,C,358,370,356,372,2,14,0.956989247311828,23.44,24.23,32.22,33.3
Pinofranqueado,C,1498,1524,1492,1530,6,32,0.9751633986928104,102.74,104.52,134.82,137.16
Sao_Tetonio,C,12519,10905,10835,12589,1684,70,0.86067201525141,892.76,777.84,1126.71,981.45
Albergaria,C,403,383,369,417,34,14,0.8848920863309353,27.48,26.12,36.27,34.47
Terrenho,C,295,285,255,325,40,30,0.7846153846153846,20.07,19.39,26.55,25.65
Una_de_Quintana,C,174,171,163,182,11,8,0.8956043956043956,11.61,11.41,15.66,15.39
Medeiros,C,1786,1801,1760,1827,26,41,0.963327859879584,119.44,120.44,160.74,162.09
Buron,C,4762,4258,4198,4822,564,60,0.8705931148900871,312.9,279.72,428.58,383.22
Gargantilla,V,1402,1431,1393,1440,9,38,0.9673611111111111,96.24,98.24,126.18,128.79
Cardoso,C,1058,886,876,1068,182,10,0.8202247191011236,71.59,59.97,95.22,79.74
