fire,px_total,area_ha_aoi,px_theoretical,px_area_m2
Almonaster la Real,1127040,91231.14713388922,1013679.412598769,710.4167222097941
Navalacruz,1323247,91180.06824342132,1013111.8693713481,684.2391596589314
Ribeira da Gafa,1258457,90871.87958996353,1009687.5509995949,715.2011099584572
Sierra Bermeja,851424,90846.53687211017,1009405.9652456687,721.860180809895
Losacio,1338976,91329.50717446618,1014772.3019385132,669.4887079390061
Ateca,1048353,90992.96038419753,1011032.8931577504,675.3395913434341
Balteiro,793380,91071.38558348648,1011904.2842609608,661.58242400012
Vall d'Ebo,990900,91226.28768102017,1013625.4186780018,700.4819622584968
Bejís,1207696,90895.2060609356,1009946.7340103956,689.7182254556868
Lecrín,1259930,90863.0327167015,1009589.2524077946,718.5449966516151
Santa Coloma,896692,91065.2436699818,1011836.0407775756,654.8314130466111
Pinofranqueado,1319794,91319.00226461577,1014655.580717953,685.6398644278221
São Tetónio,1255926,91186.15444776755,1013179.4938640838,712.8641040842633
Albergaria,1157599,91361.74211928532,1015130.4679920591,681.8284693644823
Terrenho,1332156,90930.11134549827,1010334.5705055363,679.6074032818158
Una de Quintana,1356786,91330.81304477825,1014786.8116086471,667.5233594099085
Medeiros,1350236,90906.42147319604,1010071.3497021783,668.8692528183732
Burón,1361042,91378.97004873092,1015321.8894303435,657.6898692284724
Gargantilla,975010,90994.04254243526,1011044.9171381696,686.6376288577751
Cardoso,1334750,90904.01914930466,1010044.6572144962,676.8677757286289
